{
  "builder_version": "1.0.0",
  "asof_date": "2026-04-27",
  "scope": "outright",
  "n_bars": 682,
  "K": 6,
  "pca_components": 3,
  "pca_explained_variance_ratio": [
    0.8404369770412098,
    0.10023053173307767,
    0.037026203062451114
  ],
  "gmm_bic": 9946.859408503178,
  "gmm_aic": 9679.882658690414,
  "hmm_log_likelihood": -5981.755420495302,
  "hmm_n_iter": 1,
  "state_names": [
    "TRENDING_HIKE_LATE",
    "STEEPENING_RISK_ON",
    "VOL_BREAKOUT",
    "RANGE_BOUND",
    "FLATTENING_FLIGHT",
    "TRENDING_CUT_LATE"
  ],
  "state_centroids": [
    [
      21.54863914770046,
      3.73736185027745,
      -0.9830727112182426
    ],
    [
      8.672031772988227,
      -0.29522438247700267,
      -0.009629277693029344
    ],
    [
      2.2735328700575277,
      -0.358980099542343,
      -0.04668509009313743
    ],
    [
      -3.505721843646063,
      0.004197112056024991,
      0.27528184263242955
    ],
    [
      -4.5987506556903215,
      0.17889179431502858,
      0.01591459558459764
    ],
    [
      -9.118464763837348,
      1.0832604034042426,
      -0.5701773617693184
    ]
  ],
  "transition_matrix": [
    [
      0.1487603305785124,
      0.09090909090909091,
      0.024793388429752067,
      0.371900826446281,
      0.30578512396694213,
      0.05785123966942149
    ],
    [
      0.25,
      0.1111111111111111,
      0.05555555555555555,
      0.2777777777777778,
      0.2777777777777778,
      0.027777777777777776
    ],
    [
      0.16666666666666666,
      0.16666666666666666,
      0.1111111111111111,
      0.16666666666666666,
      0.16666666666666666,
      0.2222222222222222
    ],
    [
      0.1638655462184874,
      0.08823529411764706,
      0.012605042016806723,
      0.3235294117647059,
      0.36554621848739494,
      0.046218487394957986
    ],
    [
      0.1541501976284585,
      0.09090909090909091,
      0.015810276679841896,
      0.3359683794466403,
      0.37549407114624506,
      0.02766798418972332
    ],
    [
      0.0784313725490196,
      0.09803921568627451,
      0.0392156862745098,
      0.17647058823529413,
      0.21568627450980393,
      0.39215686274509803
    ]
  ],
  "permutation_from_previous": [
    2,
    0,
    4,
    3,
    5,
    1
  ],
  "had_previous_fit": false
}